{"Version":1,"ManifestType":"Publish","Endpoints":[{"Route":"css/site.css","AssetFile":"css/site.css","Selectors":[],"ResponseHeaders":[{"Name":"Cache-Control","Value":"no-cache"},{"Name":"Content-Length","Value":"10303"},{"Name":"Content-Type","Value":"text/css"},{"Name":"ETag","Value":"\"ovBIA/qNmz+WFwsBI+esLxLOioFkYvYaW7MNsb80aQs=\""},{"Name":"Last-Modified","Value":"Tue, 02 Dec 2025 11:48:23 GMT"}],"EndpointProperties":[{"Name":"integrity","Value":"sha256-ovBIA/qNmz+WFwsBI+esLxLOioFkYvYaW7MNsb80aQs="}]},{"Route":"css/site.myo4wmcrwo.css","AssetFile":"css/site.css","Selectors":[],"ResponseHeaders":[{"Name":"Cache-Control","Value":"max-age=31536000, immutable"},{"Name":"Content-Length","Value":"10303"},{"Name":"Content-Type","Value":"text/css"},{"Name":"ETag","Value":"\"ovBIA/qNmz+WFwsBI+esLxLOioFkYvYaW7MNsb80aQs=\""},{"Name":"Last-Modified","Value":"Tue, 02 Dec 2025 11:48:23 GMT"}],"EndpointProperties":[{"Name":"fingerprint","Value":"myo4wmcrwo"},{"Name":"integrity","Value":"sha256-ovBIA/qNmz+WFwsBI+esLxLOioFkYvYaW7MNsb80aQs="},{"Name":"label","Value":"css/site.css"}]}]}